CustomerID,FirstName,LastName,CompanyName,EmailAddress
29485,Catherine,Abel,Professional Sales and Service,catherine0@adventure-works.com
29531,Cory,Booth,Remarkable Bike Store,cory0@adventure-works.com
29546,Christopher,Beck,Bulk Discount Store,christopher1@adventure-works.com
29568,Donald,Blanton,Coalition Bike Company,donald0@adventure-works.com
29584,Walter,Brian,Futuristic Bikes,walter0@adventure-works.com
29612,Richard,Byham,Channel Outlet,richard2@adventure-works.com
29638,Rosmarie,Carroll,Aerobic Exercise Company,rosmarie0@adventure-works.com
29644,Brigid,Cavendish,Vigorous Sports Store,brigid0@adventure-works.com
29653,Pei,Chow,Thrilling Bike Tours,pei0@adventure-works.com
29660,Anthony,Chor,Extreme Riding Supplies,anthony0@adventure-works.com
29736,Terry,Eminhizer,Action Bicycle Specialists,terry1@adventure-works.com
29741,Janeth,Esteves,Central Bicycle Specialists,janeth1@adventure-works.com
29781,Guy,Gilbert,The Bicycle Accessories Company,guy0@adventure-works.com
29796,Jon,Grande,Riding Cycles,jon1@adventure-works.com
29847,David,Hodgson,Good Toys,david16@adventure-works.com
29877,Joyce,Jarvis,Paints and Solvents Company,joyce0@adventure-works.com
29922,Pamala,Kotc,Closest Bicycle Store,pamala0@adventure-works.com
29929,Jeffrey,Kurtz,Many Bikes Store,jeffrey3@adventure-works.com
29932,Rebecca,Laszlo,Instruments and Parts Company,rebecca2@adventure-works.com
29938,Frank,Campbell,Trailblazing Sports,frank4@adventure-works.com
29957,Kevin,Liu,Eastside Department Store,kevin5@adventure-works.com
29975,Walter,Mays,Sports Products Store,walter1@adventure-works.com
29982,Melissa,Marple,Discount Tours,melissa0@adventure-works.com
30019,Matthew,Miller,Tachometers and Accessories,matthew5@adventure-works.com
30025,Linda,Mitchell,Essential Bike Works,linda9@adventure-works.com
30027,Joseph,Mitzner,Engineered Bike Systems,joseph4@adventure-works.com
30033,Vassar,Stern,Transport Bikes,vassar0@adventure-works.com
30050,Krishna,Sunkammurali,Metropolitan Bicycle Supply,krishna1@adventure-works.com
30072,Andrea,Thomsen,West Side Mart,andrea1@adventure-works.com
30089,Michael John,Troyer,Thrifty Parts and Sales,michaeljohn0@adventure-works.com
30102,Roger,Van Houten,Sports Store,roger2@adventure-works.com
30113,Raja,Venugopal,Nearby Cycle Shop,raja0@adventure-works.com
